{
    "format_version": "1.8.0",
    "minecraft:spawn_rules": {
        "description": {
            "identifier": "custom:robot",
            "population_control": "animal"
        },
        "conditions": [
            {
                "minecraft:spawns_on_surface": {},
                "minecraft:brightness_filter": {
                    "min": 12,
                    "max": 15,
                    "adjust_for_weather": false
                },
                "minecraft:weight": {
                    "default": 40
                },
                "minecraft:biome_filter": {
                    "test": "has_biome_tag",
                    "value": "animal"
                }
            }
        ]
    }
}