{
    "format_version": "1.10.0",
    "minecraft:client_entity": {
        "description": {
            "identifier": "custom:robot",
            "materials": {
                "default": "entity"
            },
            "textures": {
                "default": "textures/entity/robot"
            },
            "geometry": {
                "default": "geometry.robot"
            },
            "render_controllers": [
                "controller.render.default"
            ],
            "spawn_egg": {
                "base_color": "#0083ff",
                "overlay_color": "#50ff3b"
            }
        }
    }
}